"","group","time","n","mean","sd","median","min","max"
"1",1,"1",29,14.551724137931,3.86916571753572,15,4,21
"2",1,"2",24,16.6666666666667,3.64353706154344,17,4,22
"3",1,"3",18,16.2777777777778,4.53490457199754,18,2,21
"4",2,"1",27,15.9259259259259,2.88131815355304,17,9,20
"5",2,"2",13,15.9230769230769,2.6602486870447,16,12,20
"6",2,"3",5,17,2.73861278752583,17,13,20
"7",3,"1",26,15.5,3.54682957019364,16,7,21
"8",3,"2",21,15.4285714285714,3.50102025945907,15,5,20
"9",3,"3",0,NA,NA,NA,Inf,-Inf
